"Bron/Techniek";"Energietoepassingen";"Perioden";"Bruto eindverbruik hernieuwbare energie/Bruto eindverbruik (TJ)";"Bruto eindverbruik hernieuwbare energie/Bruto eindverbruik relatief (% van totaal eindverbruik energie)";"Vermeden verbruik van fossiele energie/Vermeden verbruik (TJ)";"Vermeden verbruik van fossiele energie/Vermeden verbruik relatief (% van totaal energieverbruik)";"Vermeden emissie van kooldioxide (CO2)/Vermeden emissie (kton)";"Vermeden emissie van kooldioxide (CO2)/Vermeden emissie relatief (% van totale CO2 emissie)"
"Totaal energiebronnen";"Totaal energietoepassingen";"2017**";"  139628";"    6.60";"  199179";"    6.29";"   13646";"    8.27"
"Totaal energiebronnen";"Totaal energietoepassingen";"2018**";"  157042";"    7.41";"  220222";"    7.06";"   15166";"    9.42"
"Totaal energiebronnen";"Elektriciteit";"2017**";"   60011";"    2.84";"  133164";"    4.20";"    9829";"    5.96"
"Totaal energiebronnen";"Elektriciteit";"2018**";"   65311";"    3.08";"  143860";"    4.61";"   10652";"    6.62"
"Totaal energiebronnen";"Warmte";"2017**";"   66926";"    3.16";"   53312";"    1.68";"    2943";"    1.78"
"Totaal energiebronnen";"Warmte";"2018**";"   70579";"    3.33";"   55203";"    1.77";"    3039";"    1.89"
"Totaal energiebronnen";"Vervoer";"2017**";"   12691";"    0.60";"   12703";"    0.40";"     874";"    0.53"
"Totaal energiebronnen";"Vervoer";"2018**";"   21152";"    1.00";"   21159";"    0.68";"    1475";"    0.92"
"Waterkracht";"Totaal energietoepassingen";"2017**";"     339";"    0.02";"     761";"    0.02";"      56";"    0.03"
"Waterkracht";"Totaal energietoepassingen";"2018**";"     340";"    0.02";"     761";"    0.02";"      56";"    0.03"
"Waterkracht";"Elektriciteit";"2017**";"     339";"    0.02";"     761";"    0.02";"      56";"    0.03"
"Waterkracht";"Elektriciteit";"2018**";"     340";"    0.02";"     761";"    0.02";"      56";"    0.03"
"Waterkracht";"Warmte";"2017**";"";"";"";"";"";""
"Waterkracht";"Warmte";"2018**";"";"";"";"";"";""
"Waterkracht";"Vervoer";"2017**";"";"";"";"";"";""
"Waterkracht";"Vervoer";"2018**";"";"";"";"";"";""
"Totaal windenergie";"Totaal energietoepassingen";"2017**";"   34710";"    1.64";"   82374";"    2.60";"    6022";"    3.65"
"Totaal windenergie";"Totaal energietoepassingen";"2018**";"   36106";"    1.70";"   84033";"    2.69";"    6143";"    3.82"
"Totaal windenergie";"Elektriciteit";"2017**";"   34710";"    1.64";"   82374";"    2.60";"    6022";"    3.65"
"Totaal windenergie";"Elektriciteit";"2018**";"   36106";"    1.70";"   84033";"    2.69";"    6143";"    3.82"
"Totaal windenergie";"Warmte";"2017**";"";"";"";"";"";""
"Totaal windenergie";"Warmte";"2018**";"";"";"";"";"";""
"Totaal windenergie";"Vervoer";"2017**";"";"";"";"";"";""
"Totaal windenergie";"Vervoer";"2018**";"";"";"";"";"";""
"Windenergie op land";"Totaal energietoepassingen";"2017**";"   22560";"    1.07";"   54196";"    1.71";"    3962";"    2.40"
"Windenergie op land";"Totaal energietoepassingen";"2018**";"   23681";"    1.12";"   55356";"    1.77";"    4047";"    2.51"
"Windenergie op land";"Elektriciteit";"2017**";"   22560";"    1.07";"   54196";"    1.71";"    3962";"    2.40"
"Windenergie op land";"Elektriciteit";"2018**";"   23681";"    1.12";"   55356";"    1.77";"    4047";"    2.51"
"Windenergie op land";"Warmte";"2017**";"";"";"";"";"";""
"Windenergie op land";"Warmte";"2018**";"";"";"";"";"";""
"Windenergie op land";"Vervoer";"2017**";"";"";"";"";"";""
"Windenergie op land";"Vervoer";"2018**";"";"";"";"";"";""
"Windenergie op zee";"Totaal energietoepassingen";"2017**";"   12150";"    0.57";"   28178";"    0.89";"    2060";"    1.25"
"Windenergie op zee";"Totaal energietoepassingen";"2018**";"   12426";"    0.59";"   28677";"    0.92";"    2096";"    1.30"
"Windenergie op zee";"Elektriciteit";"2017**";"   12150";"    0.57";"   28178";"    0.89";"    2060";"    1.25"
"Windenergie op zee";"Elektriciteit";"2018**";"   12426";"    0.59";"   28677";"    0.92";"    2096";"    1.30"
"Windenergie op zee";"Warmte";"2017**";"";"";"";"";"";""
"Windenergie op zee";"Warmte";"2018**";"";"";"";"";"";""
"Windenergie op zee";"Vervoer";"2017**";"";"";"";"";"";""
"Windenergie op zee";"Vervoer";"2018**";"";"";"";"";"";""
"Totaal zonne-energie";"Totaal energietoepassingen";"2017**";"    9080";"    0.43";"   18984";"    0.60";"    1368";"    0.83"
"Totaal zonne-energie";"Totaal energietoepassingen";"2018**";"   12672";"    0.60";"   27038";"    0.87";"    1957";"    1.22"
"Totaal zonne-energie";"Elektriciteit";"2017**";"    7936";"    0.37";"   17793";"    0.56";"    1301";"    0.79"
"Totaal zonne-energie";"Elektriciteit";"2018**";"   11524";"    0.54";"   25839";"    0.83";"    1889";"    1.17"
"Totaal zonne-energie";"Warmte";"2017**";"    1144";"    0.05";"    1191";"    0.04";"      67";"    0.04"
"Totaal zonne-energie";"Warmte";"2018**";"    1147";"    0.05";"    1198";"    0.04";"      68";"    0.04"
"Totaal zonne-energie";"Vervoer";"2017**";"";"";"";"";"";""
"Totaal zonne-energie";"Vervoer";"2018**";"";"";"";"";"";""
"Zonnestroom";"Totaal energietoepassingen";"2017**";"    7936";"    0.37";"   17793";"    0.56";"    1301";"    0.79"
"Zonnestroom";"Totaal energietoepassingen";"2018**";"   11524";"    0.54";"   25839";"    0.83";"    1889";"    1.17"
"Zonnestroom";"Elektriciteit";"2017**";"    7936";"    0.37";"   17793";"    0.56";"    1301";"    0.79"
"Zonnestroom";"Elektriciteit";"2018**";"   11524";"    0.54";"   25839";"    0.83";"    1889";"    1.17"
"Zonnestroom";"Warmte";"2017**";"";"";"";"";"";""
"Zonnestroom";"Warmte";"2018**";"";"";"";"";"";""
"Zonnestroom";"Vervoer";"2017**";"";"";"";"";"";""
"Zonnestroom";"Vervoer";"2018**";"";"";"";"";"";""
"Totaal zonnewarmte";"Totaal energietoepassingen";"2017**";"    1144";"    0.05";"    1191";"    0.04";"      67";"    0.04"
"Totaal zonnewarmte";"Totaal energietoepassingen";"2018**";"    1147";"    0.05";"    1198";"    0.04";"      68";"    0.04"
"Totaal zonnewarmte";"Elektriciteit";"2017**";"";"";"";"";"";""
"Totaal zonnewarmte";"Elektriciteit";"2018**";"";"";"";"";"";""
"Totaal zonnewarmte";"Warmte";"2017**";"    1144";"    0.05";"    1191";"    0.04";"      67";"    0.04"
"Totaal zonnewarmte";"Warmte";"2018**";"    1147";"    0.05";"    1198";"    0.04";"      68";"    0.04"
"Totaal zonnewarmte";"Vervoer";"2017**";"";"";"";"";"";""
"Totaal zonnewarmte";"Vervoer";"2018**";"";"";"";"";"";""
"Zonnewarmte, afgedekte systemen <= 6m2";"Totaal energietoepassingen";"2017**";"     820";"    0.04";"     883";"    0.03";"      50";"    0.03"
"Zonnewarmte, afgedekte systemen <= 6m2";"Totaal energietoepassingen";"2018**";"     817";"    0.04";"     880";"    0.03";"      50";"    0.03"
"Zonnewarmte, afgedekte systemen <= 6m2";"Elektriciteit";"2017**";"";"";"";"";"";""
"Zonnewarmte, afgedekte systemen <= 6m2";"Elektriciteit";"2018**";"";"";"";"";"";""
"Zonnewarmte, afgedekte systemen <= 6m2";"Warmte";"2017**";"     820";"    0.04";"     883";"    0.03";"      50";"    0.03"
"Zonnewarmte, afgedekte systemen <= 6m2";"Warmte";"2018**";"     817";"    0.04";"     880";"    0.03";"      50";"    0.03"
"Zonnewarmte, afgedekte systemen <= 6m2";"Vervoer";"2017**";"";"";"";"";"";""
"Zonnewarmte, afgedekte systemen <= 6m2";"Vervoer";"2018**";"";"";"";"";"";""
"Zonnewarmte, afgedekte systemen > 6m2";"Totaal energietoepassingen";"2017**";"     204";"    0.01";"     220";"    0.01";"      12";"    0.01"
"Zonnewarmte, afgedekte systemen > 6m2";"Totaal energietoepassingen";"2018**";"     220";"    0.01";"     237";"    0.01";"      13";"    0.01"
"Zonnewarmte, afgedekte systemen > 6m2";"Elektriciteit";"2017**";"";"";"";"";"";""
"Zonnewarmte, afgedekte systemen > 6m2";"Elektriciteit";"2018**";"";"";"";"";"";""
"Zonnewarmte, afgedekte systemen > 6m2";"Warmte";"2017**";"     204";"    0.01";"     220";"    0.01";"      12";"    0.01"
"Zonnewarmte, afgedekte systemen > 6m2";"Warmte";"2018**";"     220";"    0.01";"     237";"    0.01";"      13";"    0.01"
"Zonnewarmte, afgedekte systemen > 6m2";"Vervoer";"2017**";"";"";"";"";"";""
"Zonnewarmte, afgedekte systemen > 6m2";"Vervoer";"2018**";"";"";"";"";"";""
"Zonnewarmte, onafgedekte systemen";"Totaal energietoepassingen";"2017**";"     120";"    0.01";"      88";"    0.00";"       5";"    0.00"
"Zonnewarmte, onafgedekte systemen";"Totaal energietoepassingen";"2018**";"     110";"    0.01";"      81";"    0.00";"       5";"    0.00"
"Zonnewarmte, onafgedekte systemen";"Elektriciteit";"2017**";"";"";"";"";"";""
"Zonnewarmte, onafgedekte systemen";"Elektriciteit";"2018**";"";"";"";"";"";""
"Zonnewarmte, onafgedekte systemen";"Warmte";"2017**";"     120";"    0.01";"      88";"    0.00";"       5";"    0.00"
"Zonnewarmte, onafgedekte systemen";"Warmte";"2018**";"     110";"    0.01";"      81";"    0.00";"       5";"    0.00"
"Zonnewarmte, onafgedekte systemen";"Vervoer";"2017**";"";"";"";"";"";""
"Zonnewarmte, onafgedekte systemen";"Vervoer";"2018**";"";"";"";"";"";""
"Totaal aardwarmte en bodemenergie";"Totaal energietoepassingen";"2017**";"    7126";"    0.34";"    6994";"    0.22";"     360";"    0.22"
"Totaal aardwarmte en bodemenergie";"Totaal energietoepassingen";"2018**";"    8105";"    0.38";"    7878";"    0.25";"     405";"    0.25"
"Totaal aardwarmte en bodemenergie";"Elektriciteit";"2017**";"";"";"";"";"";""
"Totaal aardwarmte en bodemenergie";"Elektriciteit";"2018**";"";"";"";"";"";""
"Totaal aardwarmte en bodemenergie";"Warmte";"2017**";"    7126";"    0.34";"    6994";"    0.22";"     360";"    0.22"
"Totaal aardwarmte en bodemenergie";"Warmte";"2018**";"    8105";"    0.38";"    7878";"    0.25";"     405";"    0.25"
"Totaal aardwarmte en bodemenergie";"Vervoer";"2017**";"";"";"";"";"";""
"Totaal aardwarmte en bodemenergie";"Vervoer";"2018**";"";"";"";"";"";""
"Aardwarmte";"Totaal energietoepassingen";"2017**";"    3047";"    0.14";"    3044";"    0.10";"     167";"    0.10"
"Aardwarmte";"Totaal energietoepassingen";"2018**";"    3731";"    0.18";"    3727";"    0.12";"     204";"    0.13"
"Aardwarmte";"Elektriciteit";"2017**";"";"";"";"";"";""
"Aardwarmte";"Elektriciteit";"2018**";"";"";"";"";"";""
"Aardwarmte";"Warmte";"2017**";"    3047";"    0.14";"    3044";"    0.10";"     167";"    0.10"
"Aardwarmte";"Warmte";"2018**";"    3731";"    0.18";"    3727";"    0.12";"     204";"    0.13"
"Aardwarmte";"Vervoer";"2017**";"";"";"";"";"";""
"Aardwarmte";"Vervoer";"2018**";"";"";"";"";"";""
"Totaal bodemenergie";"Totaal energietoepassingen";"2017**";"    4079";"    0.19";"    3950";"    0.12";"     193";"    0.12"
"Totaal bodemenergie";"Totaal energietoepassingen";"2018**";"    4375";"    0.21";"    4151";"    0.13";"     201";"    0.12"
"Totaal bodemenergie";"Elektriciteit";"2017**";"";"";"";"";"";""
"Totaal bodemenergie";"Elektriciteit";"2018**";"";"";"";"";"";""
"Totaal bodemenergie";"Warmte";"2017**";"    4079";"    0.19";"    3950";"    0.12";"     193";"    0.12"
"Totaal bodemenergie";"Warmte";"2018**";"    4375";"    0.21";"    4151";"    0.13";"     201";"    0.12"
"Totaal bodemenergie";"Vervoer";"2017**";"";"";"";"";"";""
"Totaal bodemenergie";"Vervoer";"2018**";"";"";"";"";"";""
"Bodemwarmte, totaal";"Totaal energietoepassingen";"2017**";"    4079";"    0.19";"    2808";"    0.09";"     108";"    0.07"
"Bodemwarmte, totaal";"Totaal energietoepassingen";"2018**";"    4375";"    0.21";"    3009";"    0.10";"     115";"    0.07"
"Bodemwarmte, totaal";"Elektriciteit";"2017**";"";"";"";"";"";""
"Bodemwarmte, totaal";"Elektriciteit";"2018**";"";"";"";"";"";""
"Bodemwarmte, totaal";"Warmte";"2017**";"    4079";"    0.19";"    2808";"    0.09";"     108";"    0.07"
"Bodemwarmte, totaal";"Warmte";"2018**";"    4375";"    0.21";"    3009";"    0.10";"     115";"    0.07"
"Bodemwarmte, totaal";"Vervoer";"2017**";"";"";"";"";"";""
"Bodemwarmte, totaal";"Vervoer";"2018**";"";"";"";"";"";""
"Bodemwarmte, warmtepompen";"Totaal energietoepassingen";"2017**";"    4079";"    0.19";"    2639";"    0.08";"      98";"    0.06"
"Bodemwarmte, warmtepompen";"Totaal energietoepassingen";"2018**";"    4375";"    0.21";"    2840";"    0.09";"     106";"    0.07"
"Bodemwarmte, warmtepompen";"Elektriciteit";"2017**";"";"";"";"";"";""
"Bodemwarmte, warmtepompen";"Elektriciteit";"2018**";"";"";"";"";"";""
"Bodemwarmte, warmtepompen";"Warmte";"2017**";"    4079";"    0.19";"    2639";"    0.08";"      98";"    0.06"
"Bodemwarmte, warmtepompen";"Warmte";"2018**";"    4375";"    0.21";"    2840";"    0.09";"     106";"    0.07"
"Bodemwarmte, warmtepompen";"Vervoer";"2017**";"";"";"";"";"";""
"Bodemwarmte, warmtepompen";"Vervoer";"2018**";"";"";"";"";"";""
"Bodemwarmte, zonder warmtepompen";"Totaal energietoepassingen";"2017**";"";"";"     169";"    0.01";"      10";"    0.01"
"Bodemwarmte, zonder warmtepompen";"Totaal energietoepassingen";"2018**";"";"";"       .";"       .";"       .";"       ."
"Bodemwarmte, zonder warmtepompen";"Elektriciteit";"2017**";"";"";"";"";"";""
"Bodemwarmte, zonder warmtepompen";"Elektriciteit";"2018**";"";"";"";"";"";""
"Bodemwarmte, zonder warmtepompen";"Warmte";"2017**";"";"";"     169";"    0.01";"      10";"    0.01"
"Bodemwarmte, zonder warmtepompen";"Warmte";"2018**";"";"";"       .";"       .";"       .";"       ."
"Bodemwarmte, zonder warmtepompen";"Vervoer";"2017**";"";"";"";"";"";""
"Bodemwarmte, zonder warmtepompen";"Vervoer";"2018**";"";"";"";"";"";""
"Bodemkoude";"Totaal energietoepassingen";"2017**";"";"";"    1142";"    0.04";"      85";"    0.05"
"Bodemkoude";"Totaal energietoepassingen";"2018**";"";"";"       .";"       .";"       .";"       ."
"Bodemkoude";"Elektriciteit";"2017**";"";"";"";"";"";""
"Bodemkoude";"Elektriciteit";"2018**";"";"";"";"";"";""
"Bodemkoude";"Warmte";"2017**";"";"";"    1142";"    0.04";"      85";"    0.05"
"Bodemkoude";"Warmte";"2018**";"";"";"       .";"       .";"       .";"       ."
"Bodemkoude";"Vervoer";"2017**";"";"";"";"";"";""
"Bodemkoude";"Vervoer";"2018**";"";"";"";"";"";""
"Buitenluchtwarmte";"Totaal energietoepassingen";"2017**";"    3405";"    0.16";"    1091";"    0.03";"     -16";"   -0.01"
"Buitenluchtwarmte";"Totaal energietoepassingen";"2018**";"    4470";"    0.21";"    1423";"    0.05";"     -22";"   -0.01"
"Buitenluchtwarmte";"Elektriciteit";"2017**";"";"";"";"";"";""
"Buitenluchtwarmte";"Elektriciteit";"2018**";"";"";"";"";"";""
"Buitenluchtwarmte";"Warmte";"2017**";"    3405";"    0.16";"    1091";"    0.03";"     -16";"   -0.01"
"Buitenluchtwarmte";"Warmte";"2018**";"    4470";"    0.21";"    1423";"    0.05";"     -22";"   -0.01"
"Buitenluchtwarmte";"Vervoer";"2017**";"";"";"";"";"";""
"Buitenluchtwarmte";"Vervoer";"2018**";"";"";"";"";"";""
"Totaal biomassa";"Totaal energietoepassingen";"2017**";"   84967";"    4.02";"   88976";"    2.81";"    5857";"    3.55"
"Totaal biomassa";"Totaal energietoepassingen";"2018**";"   95349";"    4.50";"   99089";"    3.18";"    6628";"    4.12"
"Totaal biomassa";"Elektriciteit";"2017**";"   17025";"    0.80";"   32236";"    1.02";"    2451";"    1.49"
"Totaal biomassa";"Elektriciteit";"2018**";"   17341";"    0.82";"   33226";"    1.06";"    2565";"    1.59"
"Totaal biomassa";"Warmte";"2017**";"   55251";"    2.61";"   44037";"    1.39";"    2532";"    1.54"
"Totaal biomassa";"Warmte";"2018**";"   56856";"    2.68";"   44704";"    1.43";"    2589";"    1.61"
"Totaal biomassa";"Vervoer";"2017**";"   12691";"    0.60";"   12703";"    0.40";"     874";"    0.53"
"Totaal biomassa";"Vervoer";"2018**";"   21152";"    1.00";"   21159";"    0.68";"    1475";"    0.92"
"Afvalverbrandingsinstallaties";"Totaal energietoepassingen";"2017**";"   19941";"    0.94";"   24813";"    0.78";"    1601";"    0.97"
"Afvalverbrandingsinstallaties";"Totaal energietoepassingen";"2018**";"   16907";"    0.80";"   22331";"    0.72";"    1502";"    0.93"
"Afvalverbrandingsinstallaties";"Elektriciteit";"2017**";"    6853";"    0.32";"   11926";"    0.38";"     872";"    0.53"
"Afvalverbrandingsinstallaties";"Elektriciteit";"2018**";"    7970";"    0.38";"   14420";"    0.46";"    1054";"    0.65"
"Afvalverbrandingsinstallaties";"Warmte";"2017**";"   13088";"    0.62";"   12887";"    0.41";"     729";"    0.44"
"Afvalverbrandingsinstallaties";"Warmte";"2018**";"    8936";"    0.42";"    7911";"    0.25";"     448";"    0.28"
"Afvalverbrandingsinstallaties";"Vervoer";"2017**";"";"";"";"";"";""
"Afvalverbrandingsinstallaties";"Vervoer";"2018**";"";"";"";"";"";""
"Bij- en meestoken biomassa in centrales";"Totaal energietoepassingen";"2017**";"    2335";"    0.11";"    4883";"    0.15";"     462";"    0.28"
"Bij- en meestoken biomassa in centrales";"Totaal energietoepassingen";"2018**";"    3094";"    0.15";"    6858";"    0.22";"     649";"    0.40"
"Bij- en meestoken biomassa in centrales";"Elektriciteit";"2017**";"    1909";"    0.09";"    4373";"    0.14";"     414";"    0.25"
"Bij- en meestoken biomassa in centrales";"Elektriciteit";"2018**";"    2643";"    0.12";"    6284";"    0.20";"     595";"    0.37"
"Bij- en meestoken biomassa in centrales";"Warmte";"2017**";"     426";"    0.02";"     510";"    0.02";"      48";"    0.03"
"Bij- en meestoken biomassa in centrales";"Warmte";"2018**";"     451";"    0.02";"     574";"    0.02";"      54";"    0.03"
"Bij- en meestoken biomassa in centrales";"Vervoer";"2017**";"";"";"";"";"";""
"Bij- en meestoken biomassa in centrales";"Vervoer";"2018**";"";"";"";"";"";""
"Totaal biomassa huishoudens";"Totaal energietoepassingen";"2017**";"   19465";"    0.92";"   12894";"    0.41";"     730";"    0.44"
"Totaal biomassa huishoudens";"Totaal energietoepassingen";"2018**";"   19949";"    0.94";"   13341";"    0.43";"     755";"    0.47"
"Totaal biomassa huishoudens";"Elektriciteit";"2017**";"";"";"";"";"";""
"Totaal biomassa huishoudens";"Elektriciteit";"2018**";"";"";"";"";"";""
"Totaal biomassa huishoudens";"Warmte";"2017**";"   19465";"    0.92";"   12894";"    0.41";"     730";"    0.44"
"Totaal biomassa huishoudens";"Warmte";"2018**";"   19949";"    0.94";"   13341";"    0.43";"     755";"    0.47"
"Totaal biomassa huishoudens";"Vervoer";"2017**";"";"";"";"";"";""
"Totaal biomassa huishoudens";"Vervoer";"2018**";"";"";"";"";"";""
"Houtkachels huishoudens, openhaarden";"Totaal energietoepassingen";"2017**";"    2516";"    0.12";"     265";"    0.01";"      15";"    0.01"
"Houtkachels huishoudens, openhaarden";"Totaal energietoepassingen";"2018**";"    2516";"    0.12";"     265";"    0.01";"      15";"    0.01"
"Houtkachels huishoudens, openhaarden";"Elektriciteit";"2017**";"";"";"";"";"";""
"Houtkachels huishoudens, openhaarden";"Elektriciteit";"2018**";"";"";"";"";"";""
"Houtkachels huishoudens, openhaarden";"Warmte";"2017**";"    2516";"    0.12";"     265";"    0.01";"      15";"    0.01"
"Houtkachels huishoudens, openhaarden";"Warmte";"2018**";"    2516";"    0.12";"     265";"    0.01";"      15";"    0.01"
"Houtkachels huishoudens, openhaarden";"Vervoer";"2017**";"";"";"";"";"";""
"Houtkachels huishoudens, openhaarden";"Vervoer";"2018**";"";"";"";"";"";""
"Houtkachels huishoudens, inzethaarden";"Totaal energietoepassingen";"2017**";"    2768";"    0.13";"    1687";"    0.05";"      95";"    0.06"
"Houtkachels huishoudens, inzethaarden";"Totaal energietoepassingen";"2018**";"    2638";"    0.12";"    1625";"    0.05";"      92";"    0.06"
"Houtkachels huishoudens, inzethaarden";"Elektriciteit";"2017**";"";"";"";"";"";""
"Houtkachels huishoudens, inzethaarden";"Elektriciteit";"2018**";"";"";"";"";"";""
"Houtkachels huishoudens, inzethaarden";"Warmte";"2017**";"    2768";"    0.13";"    1687";"    0.05";"      95";"    0.06"
"Houtkachels huishoudens, inzethaarden";"Warmte";"2018**";"    2638";"    0.12";"    1625";"    0.05";"      92";"    0.06"
"Houtkachels huishoudens, inzethaarden";"Vervoer";"2017**";"";"";"";"";"";""
"Houtkachels huishoudens, inzethaarden";"Vervoer";"2018**";"";"";"";"";"";""
"Houtkachels huishoudens, vrijstaand";"Totaal energietoepassingen";"2017**";"   13911";"    0.66";"   10942";"    0.35";"     619";"    0.38"
"Houtkachels huishoudens, vrijstaand";"Totaal energietoepassingen";"2018**";"   14525";"    0.69";"   11452";"    0.37";"     648";"    0.40"
"Houtkachels huishoudens, vrijstaand";"Elektriciteit";"2017**";"";"";"";"";"";""
"Houtkachels huishoudens, vrijstaand";"Elektriciteit";"2018**";"";"";"";"";"";""
"Houtkachels huishoudens, vrijstaand";"Warmte";"2017**";"   13911";"    0.66";"   10942";"    0.35";"     619";"    0.38"
"Houtkachels huishoudens, vrijstaand";"Warmte";"2018**";"   14525";"    0.69";"   11452";"    0.37";"     648";"    0.40"
"Houtkachels huishoudens, vrijstaand";"Vervoer";"2017**";"";"";"";"";"";""
"Houtkachels huishoudens, vrijstaand";"Vervoer";"2018**";"";"";"";"";"";""
"Houtskoolverbruik door huishoudens";"Totaal energietoepassingen";"2017**";"     270";"    0.01";"";"";"";""
"Houtskoolverbruik door huishoudens";"Totaal energietoepassingen";"2018**";"     270";"    0.01";"";"";"";""
"Houtskoolverbruik door huishoudens";"Elektriciteit";"2017**";"";"";"";"";"";""
"Houtskoolverbruik door huishoudens";"Elektriciteit";"2018**";"";"";"";"";"";""
"Houtskoolverbruik door huishoudens";"Warmte";"2017**";"     270";"    0.01";"";"";"";""
"Houtskoolverbruik door huishoudens";"Warmte";"2018**";"     270";"    0.01";"";"";"";""
"Houtskoolverbruik door huishoudens";"Vervoer";"2017**";"";"";"";"";"";""
"Houtskoolverbruik door huishoudens";"Vervoer";"2018**";"";"";"";"";"";""
"Totaal biomassaketels bedrijven";"Totaal energietoepassingen";"2017**";"   19189";"    0.91";"   20776";"    0.66";"    1316";"    0.80"
"Totaal biomassaketels bedrijven";"Totaal energietoepassingen";"2018**";"   21230";"    1.00";"   21584";"    0.69";"    1314";"    0.82"
"Totaal biomassaketels bedrijven";"Elektriciteit";"2017**";"    4471";"    0.21";"    8474";"    0.27";"     619";"    0.38"
"Totaal biomassaketels bedrijven";"Elektriciteit";"2018**";"    3041";"    0.14";"    5579";"    0.18";"     408";"    0.25"
"Totaal biomassaketels bedrijven";"Warmte";"2017**";"   14718";"    0.70";"   12302";"    0.39";"     696";"    0.42"
"Totaal biomassaketels bedrijven";"Warmte";"2018**";"   18190";"    0.86";"   16006";"    0.51";"     906";"    0.56"
"Totaal biomassaketels bedrijven";"Vervoer";"2017**";"";"";"";"";"";""
"Totaal biomassaketels bedrijven";"Vervoer";"2018**";"";"";"";"";"";""
"Biomassaketels bedrijven, elektriciteit";"Totaal energietoepassingen";"2017**";"    9461";"    0.45";"   11577";"    0.37";"     795";"    0.48"
"Biomassaketels bedrijven, elektriciteit";"Totaal energietoepassingen";"2018**";"    9959";"    0.47";"   10904";"    0.35";"     709";"    0.44"
"Biomassaketels bedrijven, elektriciteit";"Elektriciteit";"2017**";"    4471";"    0.21";"    8474";"    0.27";"     619";"    0.38"
"Biomassaketels bedrijven, elektriciteit";"Elektriciteit";"2018**";"    3041";"    0.14";"    5579";"    0.18";"     408";"    0.25"
"Biomassaketels bedrijven, elektriciteit";"Warmte";"2017**";"    4990";"    0.24";"    3102";"    0.10";"     176";"    0.11"
"Biomassaketels bedrijven, elektriciteit";"Warmte";"2018**";"    6918";"    0.33";"    5325";"    0.17";"     301";"    0.19"
"Biomassaketels bedrijven, elektriciteit";"Vervoer";"2017**";"";"";"";"";"";""
"Biomassaketels bedrijven, elektriciteit";"Vervoer";"2018**";"";"";"";"";"";""
"Biomassaketels bedrijven, alleen warmte";"Totaal energietoepassingen";"2017**";"    9728";"    0.46";"    9200";"    0.29";"     521";"    0.32"
"Biomassaketels bedrijven, alleen warmte";"Totaal energietoepassingen";"2018**";"   11272";"    0.53";"   10681";"    0.34";"     605";"    0.38"
"Biomassaketels bedrijven, alleen warmte";"Elektriciteit";"2017**";"";"";"";"";"";""
"Biomassaketels bedrijven, alleen warmte";"Elektriciteit";"2018**";"";"";"";"";"";""
"Biomassaketels bedrijven, alleen warmte";"Warmte";"2017**";"    9728";"    0.46";"    9200";"    0.29";"     521";"    0.32"
"Biomassaketels bedrijven, alleen warmte";"Warmte";"2018**";"   11272";"    0.53";"   10681";"    0.34";"     605";"    0.38"
"Biomassaketels bedrijven, alleen warmte";"Vervoer";"2017**";"";"";"";"";"";""
"Biomassaketels bedrijven, alleen warmte";"Vervoer";"2018**";"";"";"";"";"";""
"Totaal biogas";"Totaal energietoepassingen";"2017**";"   10554";"    0.50";"   12127";"    0.38";"     814";"    0.49"
"Totaal biogas";"Totaal energietoepassingen";"2018**";"   11359";"    0.54";"   12165";"    0.39";"     808";"    0.50"
"Totaal biogas";"Elektriciteit";"2017**";"    3792";"    0.18";"    7462";"    0.24";"     545";"    0.33"
"Totaal biogas";"Elektriciteit";"2018**";"    3687";"    0.17";"    6944";"    0.22";"     508";"    0.32"
"Totaal biogas";"Warmte";"2017**";"    6533";"    0.31";"    4423";"    0.14";"     250";"    0.15"
"Totaal biogas";"Warmte";"2018**";"    7397";"    0.35";"    4939";"    0.16";"     280";"    0.17"
"Totaal biogas";"Vervoer";"2017**";"     230";"    0.01";"     243";"    0.01";"      18";"    0.01"
"Totaal biogas";"Vervoer";"2018**";"     276";"    0.01";"     283";"    0.01";"      21";"    0.01"
"Biogas uit stortplaatsen";"Totaal energietoepassingen";"2017**";"     350";"    0.02";"     494";"    0.02";"      33";"    0.02"
"Biogas uit stortplaatsen";"Totaal energietoepassingen";"2018**";"     354";"    0.02";"     494";"    0.02";"      33";"    0.02"
"Biogas uit stortplaatsen";"Elektriciteit";"2017**";"     131";"    0.01";"     269";"    0.01";"      20";"    0.01"
"Biogas uit stortplaatsen";"Elektriciteit";"2018**";"     130";"    0.01";"     267";"    0.01";"      19";"    0.01"
"Biogas uit stortplaatsen";"Warmte";"2017**";"     208";"    0.01";"     213";"    0.01";"      12";"    0.01"
"Biogas uit stortplaatsen";"Warmte";"2018**";"     211";"    0.01";"     214";"    0.01";"      12";"    0.01"
"Biogas uit stortplaatsen";"Vervoer";"2017**";"      12";"    0.00";"      12";"    0.00";"       1";"    0.00"
"Biogas uit stortplaatsen";"Vervoer";"2018**";"      13";"    0.00";"      13";"    0.00";"       1";"    0.00"
"Biogas rioolwaterzuiveringsinstallaties";"Totaal energietoepassingen";"2017**";"    1991";"    0.09";"    1769";"    0.06";"     125";"    0.08"
"Biogas rioolwaterzuiveringsinstallaties";"Totaal energietoepassingen";"2018**";"    2056";"    0.10";"    1890";"    0.06";"     131";"    0.08"
"Biogas rioolwaterzuiveringsinstallaties";"Elektriciteit";"2017**";"     706";"    0.03";"    1510";"    0.05";"     110";"    0.07"
"Biogas rioolwaterzuiveringsinstallaties";"Elektriciteit";"2018**";"     705";"    0.03";"    1473";"    0.05";"     108";"    0.07"
"Biogas rioolwaterzuiveringsinstallaties";"Warmte";"2017**";"    1285";"    0.06";"     259";"    0.01";"      15";"    0.01"
"Biogas rioolwaterzuiveringsinstallaties";"Warmte";"2018**";"    1345";"    0.06";"     411";"    0.01";"      23";"    0.01"
"Biogas rioolwaterzuiveringsinstallaties";"Vervoer";"2017**";"";"";"";"";"";""
"Biogas rioolwaterzuiveringsinstallaties";"Vervoer";"2018**";"       6";"    0.00";"       6";"    0.00";"       0";"    0.00"
"Biogas, co-vergisting van mest";"Totaal energietoepassingen";"2017**";"    4084";"    0.19";"    5338";"    0.17";"     364";"    0.22"
"Biogas, co-vergisting van mest";"Totaal energietoepassingen";"2018**";"    4493";"    0.21";"    5092";"    0.16";"     348";"    0.22"
"Biogas, co-vergisting van mest";"Elektriciteit";"2017**";"    1832";"    0.09";"    3768";"    0.12";"     275";"    0.17"
"Biogas, co-vergisting van mest";"Elektriciteit";"2018**";"    1858";"    0.09";"    3541";"    0.11";"     259";"    0.16"
"Biogas, co-vergisting van mest";"Warmte";"2017**";"    2252";"    0.11";"    1570";"    0.05";"      89";"    0.05"
"Biogas, co-vergisting van mest";"Warmte";"2018**";"    2584";"    0.12";"    1499";"    0.05";"      85";"    0.05"
"Biogas, co-vergisting van mest";"Vervoer";"2017**";"";"";"";"";"";""
"Biogas, co-vergisting van mest";"Vervoer";"2018**";"      52";"    0.00";"      52";"    0.00";"       4";"    0.00"
"Overig biogas";"Totaal energietoepassingen";"2017**";"    4130";"    0.20";"    4526";"    0.14";"     292";"    0.18"
"Overig biogas";"Totaal energietoepassingen";"2018**";"    4456";"    0.21";"    4690";"    0.15";"     297";"    0.18"
"Overig biogas";"Elektriciteit";"2017**";"    1123";"    0.05";"    1914";"    0.06";"     140";"    0.08"
"Overig biogas";"Elektriciteit";"2018**";"     994";"    0.05";"    1663";"    0.05";"     122";"    0.08"
"Overig biogas";"Warmte";"2017**";"    2788";"    0.13";"    2381";"    0.08";"     135";"    0.08"
"Overig biogas";"Warmte";"2018**";"    3257";"    0.15";"    2815";"    0.09";"     159";"    0.10"
"Overig biogas";"Vervoer";"2017**";"     218";"    0.01";"     230";"    0.01";"      17";"    0.01"
"Overig biogas";"Vervoer";"2018**";"     205";"    0.01";"     212";"    0.01";"      16";"    0.01"
"Vloeibare biotransportbrandstof, totaal";"Totaal energietoepassingen";"2017**";"   13483";"    0.64";"   13483";"    0.43";"     935";"    0.57"
"Vloeibare biotransportbrandstof, totaal";"Totaal energietoepassingen";"2018**";"   22809";"    1.08";"   22809";"    0.73";"    1600";"    0.99"
"Vloeibare biotransportbrandstof, totaal";"Elektriciteit";"2017**";"";"";"";"";"";""
"Vloeibare biotransportbrandstof, totaal";"Elektriciteit";"2018**";"";"";"";"";"";""
"Vloeibare biotransportbrandstof, totaal";"Warmte";"2017**";"    1022";"    0.05";"    1022";"    0.03";"      78";"    0.05"
"Vloeibare biotransportbrandstof, totaal";"Warmte";"2018**";"    1933";"    0.09";"    1933";"    0.06";"     146";"    0.09"
"Vloeibare biotransportbrandstof, totaal";"Vervoer";"2017**";"   12461";"    0.59";"   12461";"    0.39";"     856";"    0.52"
"Vloeibare biotransportbrandstof, totaal";"Vervoer";"2018**";"   20876";"    0.99";"   20876";"    0.67";"    1454";"    0.90"
"Biobenzine";"Totaal energietoepassingen";"2017**";"    5399";"    0.26";"    5399";"    0.17";"     314";"    0.19"
"Biobenzine";"Totaal energietoepassingen";"2018**";"    7146";"    0.34";"    7146";"    0.23";"     415";"    0.26"
"Biobenzine";"Elektriciteit";"2017**";"";"";"";"";"";""
"Biobenzine";"Elektriciteit";"2018**";"";"";"";"";"";""
"Biobenzine";"Warmte";"2017**";"";"";"";"";"";""
"Biobenzine";"Warmte";"2018**";"";"";"";"";"";""
"Biobenzine";"Vervoer";"2017**";"    5399";"    0.26";"    5399";"    0.17";"     314";"    0.19"
"Biobenzine";"Vervoer";"2018**";"    7146";"    0.34";"    7146";"    0.23";"     415";"    0.26"
"Biodiesel";"Totaal energietoepassingen";"2017**";"    8084";"    0.38";"    8084";"    0.26";"     620";"    0.38"
"Biodiesel";"Totaal energietoepassingen";"2018**";"   15663";"    0.74";"   15663";"    0.50";"    1184";"    0.74"
"Biodiesel";"Elektriciteit";"2017**";"";"";"";"";"";""
"Biodiesel";"Elektriciteit";"2018**";"";"";"";"";"";""
"Biodiesel";"Warmte";"2017**";"    1022";"    0.05";"    1022";"    0.03";"      78";"    0.05"
"Biodiesel";"Warmte";"2018**";"    1933";"    0.09";"    1933";"    0.06";"     146";"    0.09"
"Biodiesel";"Vervoer";"2017**";"    7062";"    0.33";"    7062";"    0.22";"     542";"    0.33"
"Biodiesel";"Vervoer";"2018**";"   13730";"    0.65";"   13730";"    0.44";"    1038";"    0.64"
